"Share install host with Solutioo","Anonyme Nutzungsrückmeldung"
"Anonymous usage feedback","Anonyme Nutzungsrückmeldung"
"When enabled, Magento Admin loads a small Solutioo icon from www.solutioo.de so we can see which shops use our modules (hostname + module version only). No customer data is sent. You can turn this off at any time.","Hilft uns zu erkennen, welche Magento-Versionen und Module im Einsatz sind – z. B. für Support und Kompatibilität. Übertragen wird nur: Shop-Hostname, Modulversion, Magento-Version/Edition. Nicht übertragen: Kundendaten, Bestellungen, Produkte, Passwörter oder andere Shop-Inhalte. Technisch wird im Admin einmalig ein kleines Icon von www.solutioo.de geladen. Die Einstellung können Sie jederzeit deaktivieren."
"General","Allgemein"
"Our Apps & Solutions","Unsere Apps & Lösungen"
"Show app info in this view","App-Infos in dieser Ansicht anzeigen"
"Shows or hides the Solutioo apps overview under this setting.","Blendet die Übersicht zu Solutioo-Apps unter dieser Einstellung ein oder aus."
"Solutioo develops certified extensions for Microsoft Dynamics 365 Business Central as well as modules for Magento and Shopware – from shop to shipping.","Solutioo entwickelt zertifizierte Erweiterungen für Microsoft Dynamics 365 Business Central sowie Module für Magento und Shopware – vom Shop bis zum Versand."
"Magento Open Source","Magento Open Source"
"Solutioo Base","Solutioo Base"
"shared admin menu, ACL and helpers for all Solutioo modules.","gemeinsames Admin-Menü, ACL und Helfer für alle Solutioo-Module."
"EU Legal Guarantee / GARAN","EU Gewährleistung / GARAN"
"harmonised EU legal guarantee label and optional durability guarantee (GARAN), Luma & Hyvä.","harmonisiertes EU-Gewährleistungslabel und optionale Haltbarkeitsgarantie (GARAN), Luma & Hyvä."
"More about Magento","Mehr zu Magento"
"Shop ⇄ Business Central","Shop ⇄ Business Central"
"Shopware 6 API Connector","Shopware 6 API Connector"
"Magento 2 API Connector","Magento 2 API Connector"
"WooCommerce Connector","WooCommerce Connector"
"TikTok Shop Connector","TikTok Shop Connector"
"Shop connectors","Shop-Connectoren"
"Shipping from Business Central","Versand aus Business Central"
"DPD Connector (Gold certified)","DPD Connector (Gold-zertifiziert)"
"DHL Connector","DHL Connector"
"DHL Express Connector","DHL Express Connector"
"GLS Connector","GLS Connector"
"QR Picking List","QR Picking List"
"Shipping apps","Versand-Apps"
"More Business Central apps","Weitere Business-Central-Apps"
"Universal Import (Excel / XML / CSV)","Universal Import (Excel / XML / CSV)"
"DATANORM Item Import","DATANORM Item Import"
"inoxision ARCHIVE Connector","inoxision ARCHIVE Connector"
"Mollie & VR Pay integrations","Mollie- & VR-Pay-Integrationen"
"ERP migration to Business Central","ERP-Migration nach Business Central"
"All BC apps","Alle BC-Apps"
"Questions or project inquiry:","Fragen oder Projektanfrage:"
"Phone","Tel."
